taxon	location
KR348934_2007-09-18_USA_CA_Riverside_-116.0955_33.5252	South-CA
KR348933_2008-03-09_USA_CA_Riverside_-116.0792_33.5692	South-CA
KR348932_2007-09-18_USA_CA_Riverside_-116.1296_33.5839	South-CA
KR348928_2007-10-07_USA_CA_Riverside_-116.0789_33.54	South-CA
W008_2014-10-07_bird_USA_CA_sandiego_-117.071_32.677	San-Diego
W009_2015-10-02_bird_USA_CA_sandiego_-117.142_32.827	San-Diego
W010_2016-08-15_bird_USA_CA_sandiego_-117.073_32.631	San-Diego
W014_2014-10-31_mosquito_USA_CA_sandiego_-117.129_32.839	San-Diego
W015_2015-08-21_mosquito_USA_CA_sandiego_-117.107_32.652	San-Diego
W061_2014-08-06_bird_USA_CA_sandiego_-116.894_32.838	San-Diego
W062_2014-07-17_bird_USA_CA_sandiego_-117.125_32.741	San-Diego
W063_2014-08-13_bird_USA_CA_sandiego_-117.02_32.797	San-Diego
W064_2014-08-13_bird_USA_CA_sandiego_-116.996_32.776	San-Diego
W065_2014-09-25_bird_USA_CA_sandiego_-116.937_32.852	San-Diego
W066_2014-10-03_bird_USA_CA_sandiego_-116.997_32.84	San-Diego
W067_2014-10-03_bird_USA_CA_sandiego_-117.205_32.775	San-Diego
W069_2014-11-07_mosquito_USA_CA_sandiego_-116.946_32.638	San-Diego
W070_2014-11-07_mosquito_USA_CA_sandiego_-116.966_32.629	San-Diego
W073_2014-11-17_bird_USA_CA_sandiego_-116.884_33.018	San-Diego
W074_2014-12-18_bird_USA_CA_sandiego_-117.018_32.797	San-Diego
W075_2014-12-18_bird_USA_CA_sandiego_-117.081_32.736	San-Diego
W076_2015-04-16_bird_USA_CA_sandiego_-117.153_32.835	San-Diego
W077_2015-05-13_bird_USA_CA_sandiego_-117.004_32.852	San-Diego
W078_2015-07-10_mosquito_USA_CA_sandiego_-117.045_32.727	San-Diego
W079_2015-07-10_mosquito_USA_CA_sandiego_-117.034_32.733	San-Diego
W080_2015-07-10_mosquito_USA_CA_sandiego_-117.029_32.737	San-Diego
W082_2015-08-14_mosquito_USA_CA_sandiego_-117.332_33.18	San-Diego
W084_2015-08-18_bird_USA_CA_sandiego_-117.053_32.673	San-Diego
W085_2015-08-21_mosquito_USA_CA_sandiego_-117.107_32.652	San-Diego
W086_2015-08-28_mosquito_USA_CA_sandiego_-117.227_32.984	San-Diego
W090_2015-10-02_mosquito_USA_CA_sandiego_-116.996_32.812	San-Diego
W101_2015-08-31_bird_USA_CA_sandiego_-117.073_32.643	San-Diego
W104_2015-10-02_bird_USA_CA_sandiego_-116.879_33.025	San-Diego
W106_2015-10-02_bird_USA_CA_sandiego_-117.108_32.901	San-Diego
W107_2015-11-10_bird_USA_CA_sandiego_-117.34_33.167	San-Diego
W108_2015-11-10_bird_USA_CA_sandiego_-117.141_33.013	San-Diego
W109_2015-11-10_bird_USA_CA_sandiego_-116.981_32.837	San-Diego
W111_2016-02-03_bird_USA_CA_sandiego_-117.228_32.748	San-Diego
W112_2016-02-18_bird_USA_CA_sandiego_-117.024_32.63	San-Diego
W173_2017-08-28_bird_USA_CA_ventura_-118.668_34.273	South-CA
W538_2014-07-14_bird_USA_CA_sandiego_-117.125_32.741	San-Diego
W539_2014-08-13_bird_USA_CA_sandiego_-117.02_32.797	San-Diego
W540_2014-09-23_bird_USA_CA_sandiego_-117.008_32.803	San-Diego
W541_2014-09-29_bird_USA_CA_sandiego_-117.205_32.775	San-Diego
W543_2014-11-10_bird_USA_CA_sandiego_-117.031_32.795	San-Diego
W546_2014-12-18_bird_USA_CA_sandiego_-117.101_32.84	San-Diego
W548_2014-12-16_bird_USA_CA_sandiego_-117.081_32.736	San-Diego
W549_2015-04-16_bird_USA_CA_sandiego_-117.153_32.835	San-Diego
W550_2015-04-28_bird_USA_CA_sandiego_-117.229_32.84	San-Diego
W551_2015-05-11_bird_USA_CA_sandiego_-117.036_32.721	San-Diego
W552_2015-06-05_bird_USA_CA_sandiego_-117.149_32.736	San-Diego
W554_2015-07-02_bird_USA_CA_sandiego_-117.096_32.729	San-Diego
W555_2015-07-09_bird_USA_CA_sandiego_-117.094_32.983	San-Diego
W556_2015-07-21_bird_USA_CA_sandiego_-117.136_32.927	San-Diego
W557_2015-07-28_bird_USA_CA_sandiego_-117.247_32.728	San-Diego
W559_2015-08-04_bird_USA_CA_sandiego_-117.097_32.828	San-Diego
W560_2015-08-17_bird_USA_CA_sandiego_-117.083_32.795	San-Diego
W561_2015-08-19_bird_USA_CA_sandiego_-117.187_32.908	San-Diego
W562_2015-08-24_bird_USA_CA_sandiego_-117.135_32.701	San-Diego
W563_2015-08-25_bird_USA_CA_sandiego_-117.186_32.824	San-Diego
W564_2015-09-01_bird_USA_CA_sandiego_-117.225_32.796	San-Diego
W565_2015-09-03_bird_USA_CA_sandiego_-117.159_32.749	San-Diego
W566_2015-09-08_bird_USA_CA_sandiego_-117.092_32.904	San-Diego
W567_2015-09-10_bird_USA_CA_sandiego_-117.242_32.897	San-Diego
W568_2015-09-10_bird_USA_CA_sandiego_-117.031_32.8	San-Diego
W569_2015-09-22_bird_USA_CA_sandiego_-117.064_32.756	San-Diego
W570_2015-09-22_bird_USA_CA_sandiego_-117.226_32.729	San-Diego
W571_2015-09-22_bird_USA_CA_sandiego_-117.194_32.766	San-Diego
W572_2015-09-28_bird_USA_CA_sandiego_-117.116_33.014	San-Diego
W573_2015-10-01_bird_USA_CA_sandiego_-117.086_32.837	San-Diego
W574_2015-10-02_bird_USA_CA_sandiego_-117.165_32.795	San-Diego
W575_2015-10-06_bird_USA_CA_sandiego_-117.058_32.668	San-Diego
W576_2015-10-07_bird_USA_CA_sandiego_-117.123_32.757	San-Diego
W577_2015-10-10_bird_USA_CA_sandiego_-117.059_33.023	San-Diego
W581_2015-11-17_bird_USA_CA_sandiego_-117.085_33.029	San-Diego
W582_2015-12-11_bird_USA_CA_sandiego_-117.052_32.767	San-Diego
W583_2015-12-28_bird_USA_CA_sandiego_-117.065_33.044	San-Diego
W584_2016-02-27_bird_USA_CA_sandiego_-117.245_32.946	San-Diego
W585_2016-02-28_bird_USA_CA_sandiego_-117.245_32.946	San-Diego
W587_2016-04-11_bird_USA_CA_sandiego_-117.2_32.809	San-Diego
W589_2016-04-21_bird_USA_CA_sandiego_-117.073_32.772	San-Diego
W595_2017-09-11_bird_USA_CA_sandiego_-116.999_33.091	San-Diego
KR348992_2006-09-22_USA_CA_Kern_-119.1117_35.3797	Kern
KR348990_2007-09-13_USA_CA_Kern_-119.2539_35.502	Kern
KR348989_2007-11-09_USA_CA_Kern_-119.2375_35.2525	Kern
KR348986_2007-08-14_USA_CA_Kern_-118.8247_35.1664	Kern
KR348977_2011-08-15_USA_CA_Inyo_-118.3681_37.3494	South-Central-Valley
KR348976_2011-07-18_USA_CA_Inyo_-118.3681_37.3494	South-Central-Valley
W117_2005-06-13_bird_USA_CA_tulare_-119.33_36.316	South-Central-Valley
W134_2009-06-23_bird_USA_CA_kings_-119.622_36.354	South-Central-Valley
W181_2007-07-20_mosquito_USA_CA_fresno_-119.616_36.751	South-Central-Valley
W183_2008-09-09_mosquito_USA_CA_tulare_-119.35_36.567	South-Central-Valley
W184_2008-09-09_mosquito_USA_CA_stanislaus_-120.786_37.522	South-Central-Valley
W186_2009-07-28_mosquito_USA_CA_fresno_-119.535_36.66	South-Central-Valley
W191_2012-09-18_mosquito_USA_CA_tulare_-119.195_36.094	South-Central-Valley
W194_2012-08-28_mosquito_USA_CA_tulare_-119.217_36.144	South-Central-Valley
W262_2005-07-13_bird_USA_CA_kern_-119.11_35.338	Kern
W263_2005-07-15_bird_USA_CA_kern_-119.006_35.405	Kern
W266_2005-08-01_bird_USA_CA_kern_-119.016_35.408	Kern
W267_2005-08-09_bird_USA_CA_kern_-119.385_35.602	Kern
W269_2005-08-19_bird_USA_CA_kern_-119.076_35.423	Kern
W270_2005-08-29_bird_USA_CA_kern_-119.065_35.352	Kern
W272_2006-07-13_bird_USA_CA_kern_-119.072_35.323	Kern
W274_2006-07-31_bird_USA_CA_kern_-119.203_35.386	Kern
W275_2006-08-01_bird_USA_CA_kern_-119.122_35.377	Kern
W276_2006-08-02_bird_USA_CA_kern_-119.144_35.373	Kern
W277_2006-08-03_bird_USA_CA_kern_-118.967_35.39	Kern
W278_2006-08-09_bird_USA_CA_kern_-119.019_35.328	Kern
W279_2006-08-14_bird_USA_CA_kern_-119.095_35.4	Kern
W283_2006-08-30_bird_USA_CA_kern_-119.166_35.371	Kern
W286_2007-06-14_bird_USA_CA_kern_-118.94_35.354	Kern
W287_2007-06-20_bird_USA_CA_kern_-119.116_35.377	Kern
W289_2007-06-25_bird_USA_CA_kern_-119.041_35.288	Kern
W290_2007-06-25_bird_USA_CA_kern_-119.126_35.34	Kern
W292_2007-06-29_bird_USA_CA_kern_-119.15_35.389	Kern
W293_2007-07-05_bird_USA_CA_kern_-119.028_35.35	Kern
W296_2007-07-09_bird_USA_CA_kern_-119.147_35.358	Kern
W297_2007-07-12_bird_USA_CA_kern_-119.158_35.373	Kern
W300_2008-03-13_bird_USA_CA_kern_-119.01_35.347	Kern
W359_2005-07-01_mosquito_USA_CA_kern_-119.109_35.317	Kern
W363_2005-07-06_mosquito_USA_CA_kern_-119.115_35.428	Kern
W366_2005-07-14_mosquito_USA_CA_kern_-119.036_35.378	Kern
W371_2006-07-11_mosquito_USA_CA_kern_-119.236_35.245	Kern
W374_2006-07-21_mosquito_USA_CA_kern_-119.149_35.352	Kern
W375_2006-07-21_mosquito_USA_CA_kern_-119.04_35.349	Kern
W376_2006-07-21_mosquito_USA_CA_kern_-119.06_35.317	Kern
W377_2006-07-21_mosquito_USA_CA_kern_-119.004_35.299	Kern
W378_2006-07-21_mosquito_USA_CA_kern_-119.021_35.36	Kern
W379_2006-07-21_mosquito_USA_CA_kern_-119.075_35.326	Kern
W380_2006-08-04_mosquito_USA_CA_kern_-119.149_35.352	Kern
W381_2006-08-04_mosquito_USA_CA_kern_-119.149_35.352	Kern
W382_2006-08-04_mosquito_USA_CA_kern_-119.149_35.352	Kern
W383_2006-08-04_mosquito_USA_CA_kern_-119.06_35.317	Kern
W391_2007-08-15_mosquito_USA_CA_kern_-118.833_35.198	Kern
W392_2007-08-15_mosquito_USA_CA_kern_-119.149_35.352	Kern
W393_2007-08-15_mosquito_USA_CA_kern_-119.111_35.38	Kern
W395_2007-08-15_mosquito_USA_CA_kern_-119.021_35.36	Kern
W397_2007-08-17_mosquito_USA_CA_kern_-119.149_35.352	Kern
W411_2009-09-04_mosquito_USA_CA_kern_-119.477_35.532	Kern
W666_2009-08-18_mosquito_USA_CA_yolo_-121.712_38.61	Sacramento-Yolo
W667_2009-08-20_mosquito_USA_CA_sacramento_-121.276_38.251	Sacramento-Yolo
W820_2009-09-04_bird_USA_CA_sacramento_-121.391_38.723	Sacramento-Yolo
W821_2009-09-27_bird_USA_CA_sacramento_-121.224_38.436	Sacramento-Yolo
KR348973_2011-06-07_USA_CA_LosAngeles_-118.0339_33.8686	South-CA
KR348972_2011-06-07_USA_CA_LosAngeles_-118.0611_33.8417	South-CA
KR348971_2011-06-30_USA_CA_LosAngeles_-117.817_34.0313	South-CA
KR348970_2008-07-22_USA_CA_LosAngeles_-117.8633_33.98	South-CA
KR348969_2011-06-24_USA_CA_LosAngeles_-118.148_33.9533	South-CA
KR348968_2008-07-22_USA_CA_LosAngeles_-117.8125_34.005	South-CA
KR348967_2011-11-17_USA_CA_LosAngeles_-118.1114_34.1167	South-CA
KR348965_2011-10-26_USA_CA_LosAngeles_-118.6272_34.2392	South-CA
KR348960_2011-02-09_USA_CA_LosAngeles_-118.4925_34.1856	South-CA
KR348954_2010-11-08_USA_CA_LosAngeles_-118.475_34.4	South-CA
KR348953_2008-09-25_USA_CA_LosAngeles_-118.276_34.1375	South-CA
KR348950_2008-05-22_USA_CA_LosAngeles_-118.0964_33.9497	South-CA
W001_2007-10-02_bird_USA_CA_sandiego_-116.93_32.846	San-Diego
W003_2008-08-18_bird_USA_CA_sandiego_-116.97_32.784	San-Diego
W004_2009-05-13_bird_USA_CA_sandiego_-117.243_32.904	San-Diego
W011_2008-12-08_bird_USA_CA_sandiego_-116.802_33.016	San-Diego
W017_2007-03-19_bird_USA_CA_sandiego_-117.072_32.757	San-Diego
W018_2007-03-19_bird_USA_CA_sandiego_-117.335_33.239	San-Diego
W019_2007-10-02_bird_USA_CA_sandiego_-116.95_32.786	San-Diego
W020_2007-10-02_bird_USA_CA_sandiego_-117.328_33.246	San-Diego
W022_2008-02-06_bird_USA_CA_sandiego_-117.004_32.855	San-Diego
W023_2008-02-06_bird_USA_CA_sandiego_-117.067_33.105	San-Diego
W026_2008-05-14_bird_USA_CA_sandiego_-117.158_32.901	San-Diego
W027_2008-05-14_bird_USA_CA_sandiego_-117.092_33.028	San-Diego
W028_2008-06-11_bird_USA_CA_sandiego_-117.241_32.958	San-Diego
W029_2008-06-11_bird_USA_CA_sandiego_-117.255_32.999	San-Diego
W030_2008-06-25_bird_USA_CA_sandiego_-117.032_32.73	San-Diego
W031_2008-09-15_bird_USA_CA_sandiego_-117.14_32.958	San-Diego
W032_2008-06-25_bird_USA_CA_sandiego_-117.251_32.763	San-Diego
W033_2008-08-07_bird_USA_CA_sandiego_-116.969_32.844	San-Diego
W034_2008-08-07_bird_USA_CA_sandiego_-117.07_33.091	San-Diego
W035_2008-09-18_bird_USA_CA_sandiego_-117.289_33.032	San-Diego
W036_2008-09-18_bird_USA_CA_sandiego_-116.886_33.03	San-Diego
W037_2008-09-18_bird_USA_CA_sandiego_-117.01_33.228	San-Diego
W038_2008-12-01_bird_USA_CA_sandiego_-117.139_32.928	San-Diego
W039_2008-12-08_bird_USA_CA_sandiego_-117.058_32.951	San-Diego
W040_2008-09-15_bird_USA_CA_sandiego_-116.649_32.81	San-Diego
W041_2008-09-18_bird_USA_CA_sandiego_-116.766_32.837	San-Diego
W042_2009-01-20_bird_USA_CA_sandiego_-117.042_33.005	San-Diego
W043_2008-12-08_bird_USA_CA_sandiego_-116.802_33.016	San-Diego
W044_2008-12-01_bird_USA_CA_sandiego_-117.227_33.33	San-Diego
W045_2009-03-23_bird_USA_CA_sandiego_-117.195_33.011	San-Diego
W046_2009-04-08_bird_USA_CA_sandiego_-116.958_32.754	San-Diego
W047_2009-05-21_bird_USA_CA_sandiego_-117.261_32.972	San-Diego
W048_2008-12-22_bird_USA_CA_sandiego_-116.924_32.78	San-Diego
W049_2009-06-18_bird_USA_CA_sandiego_-116.983_33.256	San-Diego
W050_2009-09-15_bird_USA_CA_sandiego_-116.518_32.828	San-Diego
W051_2009-09-30_bird_USA_CA_sandiego_-117.072_33.26	San-Diego
W054_2013-07-23_bird_USA_CA_sandiego_-116.88_33.006	San-Diego
W056_2013-08-01_bird_USA_CA_sandiego_-117.292_33.061	San-Diego
W058_2013-11-01_bird_USA_CA_sandiego_-117.149_32.736	San-Diego
W072_2014-11-17_bird_USA_CA_sandiego_-117.084_33.029	San-Diego
W081_2015-07-28_mosquito_USA_CA_sandiego_-116.86_32.849	San-Diego
W089_2015-09-29_mosquito_USA_CA_sandiego_-117.121_33.193	San-Diego
W091_2015-10-20_mosquito_USA_CA_sandiego_-117.256_32.951	San-Diego
W097_2017-10-19_bird_USA_CA_sandiego_-117.125_32.575	San-Diego
W102_2015-08-31_bird_USA_CA_sandiego_-117.324_33.155	San-Diego
W110_2016-01-27_bird_USA_CA_sandiego_-117.003_33.099	San-Diego
W127_2008-08-11_bird_USA_CA_sanbernardino_-117.152_34.033	South-CA
W129_2008-08-15_bird_USA_CA_losangeles_-117.769_34.107	South-CA
W141_2011-08-22_bird_USA_CA_sanbernardino_-117.567_34.135	South-CA
W143_2012-06-06_bird_USA_CA_losangeles_-118.043_34.158	South-CA
W145_2012-06-14_bird_USA_CA_riverside_-117.48_34.002	South-CA
W155_2013-08-08_bird_USA_CA_losangeles_-118.391_33.859	South-CA
W156_2013-07-31_bird_USA_CA_losangeles_-117.805_34.098	South-CA
W158_2013-08-20_bird_USA_CA_butte_-121.841_39.732	North-Central-Valley
W164_2017-06-23_bird_USA_CA_losangeles_-118.623_34.197	South-CA
W168_2017-07-13_bird_USA_CA_ventura_-118.847_34.205	South-CA
W187_2011-08-11_mosquito_USA_CA_losangeles_-118.568_34.193	South-CA
W195_2012-08-23_mosquito_USA_CA_riverside_-116.061_33.462	South-CA
W196_2012-08-07_mosquito_USA_CA_losangeles_-118.039_33.937	South-CA
W203_2013-09-10_mosquito_USA_CA_losangeles_-118.436_34.293	South-CA
W208_2013-08-22_mosquito_USA_CA_losangeles_-118.515_34.222	South-CA
W209_2013-08-22_mosquito_USA_CA_losangeles_-118.494_34.19	South-CA
W210_2013-08-15_mosquito_USA_CA_sanbernardino_-117.673_34.071	South-CA
W216_2014-07-08_mosquito_USA_CA_sanbernardino_-117.664_34.082	South-CA
W219_2014-07-22_mosquito_USA_CA_losangeles_-118.065_34.679	South-CA
W221_2015-05-14_mosquito_USA_CA_losangeles_-118.197_33.945	South-CA
W502_2008-02-06_bird_USA_CA_sandiego_-117.004_32.855	San-Diego
W503_2008-03-12_bird_USA_CA_sandiego_-117.067_33.105	San-Diego
W504_2008-05-08_bird_USA_CA_sandiego_-117.092_33.028	San-Diego
W505_2008-05-22_bird_USA_CA_sandiego_-117.101_32.827	San-Diego
W506_2008-06-02_bird_USA_CA_sandiego_-117.229_32.953	San-Diego
W507_2008-06-18_bird_USA_CA_sandiego_-117.236_32.792	San-Diego
W508_2008-06-18_bird_USA_CA_sandiego_-117.236_32.792	San-Diego
W509_2008-06-18_bird_USA_CA_sandiego_-117.236_32.792	San-Diego
W510_2008-07-28_bird_USA_CA_sandiego_-117.24_32.895	San-Diego
W511_2008-08-06_bird_USA_CA_sandiego_-117.167_32.773	San-Diego
W512_2008-08-11_bird_USA_CA_sandiego_-117.223_32.948	San-Diego
W513_2008-08-25_bird_USA_CA_sandiego_-117.228_32.796	San-Diego
W514_2008-09-04_bird_USA_CA_sandiego_-117.143_32.925	San-Diego
W515_2008-09-10_bird_USA_CA_sandiego_-117.242_32.897	San-Diego
W516_2008-09-12_bird_USA_CA_sandiego_-117.198_32.788	San-Diego
W517_2008-09-19_bird_USA_CA_sandiego_-117.228_32.796	San-Diego
W518_2008-09-23_bird_USA_CA_sandiego_-117.228_32.796	San-Diego
W519_2008-09-24_bird_USA_CA_sandiego_-117.06_33.028	San-Diego
W520_2008-09-24_bird_USA_CA_sandiego_-117.078_32.733	San-Diego
W521_2008-09-25_bird_USA_CA_sandiego_-117.226_32.861	San-Diego
W522_2009-09-26_bird_USA_CA_sandiego_-117.053_32.751	San-Diego
W523_2008-11-05_bird_USA_CA_sandiego_-117.223_32.913	San-Diego
W524_2008-11-10_bird_USA_CA_sandiego_-117.236_32.783	San-Diego
W525_2008-11-17_bird_USA_CA_sandiego_-117.196_32.886	San-Diego
W526_2008-12-01_bird_USA_CA_sandiego_-117.139_32.928	San-Diego
W527_2008-12-08_bird_USA_CA_sandiego_-116.802_33.016	San-Diego
W528_2008-12-08_bird_USA_CA_sandiego_-117.058_32.951	San-Diego
W529_2008-12-22_bird_USA_CA_sandiego_-116.924_32.78	San-Diego
W530_2009-01-16_bird_USA_CA_sandiego_-117.23_32.906	San-Diego
W531_2009-01-26_bird_USA_CA_sandiego_-117.23_32.905	San-Diego
W532_2009-02-05_bird_USA_CA_sandiego_-117.051_32.751	San-Diego
W533_2009-06-18_bird_USA_CA_sandiego_-117.153_32.904	San-Diego
W534_2009-06-23_bird_USA_CA_sandiego_-116.983_33.256	San-Diego
W535_2009-09-08_bird_USA_CA_sandiego_-117.222_32.913	San-Diego
W536_2009-09-30_bird_USA_CA_sandiego_-117.224_32.913	San-Diego
W537_2009-10-22_bird_USA_CA_sandiego_-117.179_32.805	San-Diego
W542_2014-10-02_bird_USA_CA_sandiego_-117.2_32.763	San-Diego
W544_2014-11-13_bird_USA_CA_sandiego_-116.813_33.011	San-Diego
W545_2014-11-17_bird_USA_CA_sandiego_-117.084_33.029	San-Diego
W586_2016-03-16_bird_USA_CA_sandiego_-117.054_33.147	San-Diego
W592_2017-08-04_bird_USA_CA_sandiego_-116.936_32.552	San-Diego
KJ501341_2005-08-01_USA_CA_Glenn_-122.3915_39.599	North-Central-Valley
KR349026_2011-09-13_USA_CA_Sutter_-121.7567_39.1172	North-Central-Valley
KR349025_2007-07-25_USA_CA_Shasta_-122.3158_40.5033	North-Central-Valley
KR349020_2011-02-09_USA_CA_Shasta_-122.239_40.4162	North-Central-Valley
KR349018_2007-07-26_USA_CA_Shasta_-122.3479_40.4815	North-Central-Valley
KR349017_2007-07-25_USA_CA_Shasta_-122.3158_40.5034	North-Central-Valley
KR349015_2004-11-08_USA_CA_Sacramento_-121.4998_38.4432	Sacramento-Yolo
KR349013_2007-09-25_USA_CA_Sacramento_-121.219_38.3849	Sacramento-Yolo
KR349012_2005-07-28_USA_CA_Sacramento_-121.2792_38.7139	Sacramento-Yolo
KR349011_2005-07-28_USA_CA_Sacramento_-121.2792_38.7139	Sacramento-Yolo
KR349007_2005-07-15_USA_CA_Solano_-121.745_38.4603	South-Central-Valley
KR349006_2011-01-09_USA_CA_Sacramento_-121.4389_38.4318	Sacramento-Yolo
KR349005_2011-01-09_USA_CA_Sacramento_-121.3948_38.4601	Sacramento-Yolo
KR349004_2011-01-09_USA_CA_Sacramento_-121.4528_38.4672	Sacramento-Yolo
KR349003_2011-01-09_USA_CA_Sacramento_-121.4528_38.4672	Sacramento-Yolo
KR349002_2011-01-09_USA_CA_Sacramento_-121.3575_38.4598	Sacramento-Yolo
KR349001_2011-01-09_USA_CA_Sacramento_-121.3665_38.4491	Sacramento-Yolo
KR349000_2008-07-25_USA_CA_Sacramento_-121.587_38.2861	Sacramento-Yolo
KR348999_2005-07-18_USA_CA_Sacramento_-121.3061_38.6708	Sacramento-Yolo
KR348998_2008-06-27_USA_CA_Sacramento_-121.499_38.5035	Sacramento-Yolo
KR348997_2005-06-29_USA_CA_Sacramento_-121.3728_38.5835	Sacramento-Yolo
KR348995_2005-08-23_USA_CA_Sacramento_-121.5053_38.3428	Sacramento-Yolo
KR348994_2005-08-24_USA_CA_Sacramento_-121.3948_38.4891	Sacramento-Yolo
KR348984_2011-01-09_USA_CA_Kern_-119.3503_35.5936	Kern
KR348983_2011-01-09_USA_CA_Kern_-119.2539_35.5022	Kern
KR348982_2011-01-09_USA_CA_Kern_-119.2539_35.5022	Kern
KR348980_2011-01-09_USA_CA_Kern_-118.9416_35.1364	Kern
KR348966_2011-10-28_USA_CA_LosAngeles_-118.6183_34.4534	South-CA
KR348920_2009-03-08_USA_CA_ContraCosta_-121.797_38.0108	South-Central-Valley
KR348918_2011-03-10_USA_CA_ContraCosta_-122.0372_38.0092	South-Central-Valley
KR348917_2008-08-18_USA_CA_ContraCosta_-121.797_38.0108	South-Central-Valley
KR348916_2008-08-18_USA_CA_ContraCosta_-121.679_37.9986	South-Central-Valley
KR348915_2011-08-29_USA_CA_ContraCosta_-121.5822_37.975	South-Central-Valley
DQ080059_2003-08-01_USA_CA_Sacramento_-121.4913_38.5795	Sacramento-Yolo
W006_2013-07-10_bird_USA_CA_sandiego_-116.946_32.885	San-Diego
W007_2013-07-23_bird_USA_CA_sandiego_-117.247_33.081	San-Diego
W013_2016-06-30_bird_USA_CA_sandiego_-117.053_33.015	San-Diego
W055_2013-08-01_bird_USA_CA_sandiego_-116.958_32.792	San-Diego
W057_2013-09-09_bird_USA_CA_sandiego_-116.998_32.84	San-Diego
W059_2013-11-07_bird_USA_CA_sandiego_-116.998_32.84	San-Diego
W071_2014-11-10_bird_USA_CA_sandiego_-117.244_32.932	San-Diego
W087_2015-08-28_mosquito_USA_CA_sandiego_-117.254_32.961	San-Diego
W092_2015-11-13_mosquito_USA_CA_sandiego_-117.088_33.174	San-Diego
W093_2016-08-11_mosquito_USA_CA_sandiego_-117.164_32.811	San-Diego
W094_2016-08-18_mosquito_USA_CA_sandiego_-117.168_32.697	San-Diego
W095_2017-10-05_bird_USA_CA_sandiego_-116.626_32.857	San-Diego
W096_2017-10-16_bird_USA_CA_sandiego_-116.692_33.214	San-Diego
W098_2017-08-28_mosquito_USA_CA_sandiego_-116.876_32.801	San-Diego
W100_2017-10-05_mosquito_USA_CA_sandiego_-117.098_32.737	San-Diego
W105_2015-10-02_bird_USA_CA_sandiego_-116.867_33.075	San-Diego
W120_2005-08-04_bird_USA_CA_stanislaus_-120.863_37.48	South-Central-Valley
W122_2006-08-14_bird_USA_CA_butte_-121.53_39.642	North-Central-Valley
W123_2006-09-13_bird_USA_CA_stanislaus_-121.028_37.651	South-Central-Valley
W124_2007-06-21_bird_USA_CA_butte_-121.66_39.362	North-Central-Valley
W125_2007-06-24_bird_USA_CA_stanislaus_-120.979_37.641	South-Central-Valley
W126_2007-06-24_bird_USA_CA_fresno_-119.763_36.821	South-Central-Valley
W128_2008-08-12_bird_USA_CA_calaveras_-120.712_38.235	South-Central-Valley
W130_2008-08-18_bird_USA_CA_contracosta_-121.814_38.015	South-Central-Valley
W131_2008-08-21_bird_USA_CA_stanislaus_-120.861_37.537	South-Central-Valley
W135_2009-09-04_bird_USA_CA_stanislaus_-120.852_37.51	South-Central-Valley
W136_2010-07-21_bird_USA_CA_stanislaus_-120.948_37.547	South-Central-Valley
W137_2010-07-29_bird_USA_CA_placer_-121.357_38.731	North-Central-Valley
W138_2010-07-30_bird_USA_CA_stanislaus_-120.952_37.585	South-Central-Valley
W139_2010-08-02_bird_USA_CA_fresno_-119.756_36.858	South-Central-Valley
W140_2011-07-11_bird_USA_CA_sanjoaquin_-121.302_37.971	South-Central-Valley
W142_2011-09-21_bird_USA_CA_placer_-121.229_38.737	North-Central-Valley
W144_2012-06-12_bird_USA_CA_stanislaus_-120.981_37.674	South-Central-Valley
W146_2012-06-21_bird_USA_CA_tulare_-119.29_36.315	South-Central-Valley
W148_2012-07-17_bird_USA_CA_merced_-120.591_37.347	South-Central-Valley
W149_2012-07-22_bird_USA_CA_tulare_-119.329_36.333	South-Central-Valley
W150_2012-07-20_bird_USA_CA_losangeles_-118.402_34.061	South-CA
W151_2012-08-08_bird_USA_CA_merced_-120.6_37.302	South-Central-Valley
W152_2013-08-02_bird_USA_CA_placer_-121.18_38.808	North-Central-Valley
W153_2013-08-08_bird_USA_CA_shasta_-122.316_40.57	North-Central-Valley
W154_2013-08-07_bird_USA_CA_butte_-121.596_39.775	North-Central-Valley
W157_2013-08-12_bird_USA_CA_shasta_-122.277_40.468	North-Central-Valley
W159_2013-08-25_bird_USA_CA_merced_-120.636_37.338	South-Central-Valley
W160_2013-08-26_bird_USA_CA_shasta_-122.406_40.552	North-Central-Valley
W161_2017-06-17_bird_USA_CA_riverside_-117.542_33.947	South-CA
W166_2017-07-03_bird_USA_CA_riverside_-117.469_33.756	South-CA
W169_2017-07-26_bird_USA_CA_contracosta_-122.024_37.921	South-Central-Valley
W171_2017-08-03_bird_USA_CA_contracosta_-121.98_37.797	South-Central-Valley
W172_2017-08-30_bird_USA_CA_butte_-122.001_39.859	North-Central-Valley
W178_2005-06-21_mosquito_USA_CA_losangeles_-118.119_33.768	South-CA
W185_2009-07-28_mosquito_USA_CA_kings_-119.673_36.423	South-Central-Valley
W188_2010-08-12_mosquito_USA_CA_fresno_-119.531_36.653	South-Central-Valley
W189_2010-08-12_mosquito_USA_CA_kings_-119.727_36.226	South-Central-Valley
W192_2012-09-04_mosquito_USA_CA_kings_-119.794_36.319	South-Central-Valley
W193_2012-08-27_mosquito_USA_CA_yuba_-121.589_39.19	North-Central-Valley
W198_2012-08-10_mosquito_USA_CA_fresno_-119.534_36.667	South-Central-Valley
W199_2012-08-14_mosquito_USA_CA_fresno_-120.59_36.953	South-Central-Valley
W201_2013-08-21_mosquito_USA_CA_lake_-122.875_38.993	North-Central-Valley
W202_2013-08-14_mosquito_USA_CA_butte_-121.642_39.65	North-Central-Valley
W204_2013-09-11_mosquito_USA_CA_lake_-122.938_39.077	North-Central-Valley
W205_2013-08-28_mosquito_USA_CA_kern_-119.276_35.093	Kern
W206_2013-08-28_mosquito_USA_CA_kern_-119.276_35.093	Kern
W207_2013-08-26_mosquito_USA_CA_sutter_-121.641_39.16	North-Central-Valley
W211_2014-06-17_mosquito_USA_CA_stanislaus_-120.826_37.511	South-Central-Valley
W212_2014-06-20_mosquito_USA_CA_fresno_-119.79_36.866	South-Central-Valley
W213_2014-06-23_mosquito_USA_CA_yuba_-121.564_39.165	North-Central-Valley
W214_2014-06-24_mosquito_USA_CA_madera_-120.118_37.026	South-Central-Valley
W215_2014-07-03_mosquito_USA_CA_stanislaus_-120.852_37.498	South-Central-Valley
W217_2014-07-07_mosquito_USA_CA_contracosta_-122.117_38.036	South-Central-Valley
W218_2014-07-15_mosquito_USA_CA_alameda_-121.796_37.669	South-Central-Valley
W220_2014-07-10_mosquito_USA_CA_fresno_-119.592_36.503	South-Central-Valley
W222_2015-06-09_mosquito_USA_CA_fresno_-119.842_36.409	South-Central-Valley
W223_2015-06-15_mosquito_USA_CA_yuba_-121.534_39.214	North-Central-Valley
W224_2015-06-15_mosquito_USA_CA_contracosta_-121.702_37.997	South-Central-Valley
W225_2015-07-21_mosquito_USA_CA_tulare_-119.266_35.884	South-Central-Valley
W226_2015-07-14_mosquito_USA_CA_fresno_-120.445_36.847	South-Central-Valley
W227_2015-07-21_mosquito_USA_CA_glenn_-122.007_39.63	North-Central-Valley
W228_2015-07-22_mosquito_USA_CA_alameda_-122.022_37.55	South-Central-Valley
W229_2015-07-15_mosquito_USA_CA_butte_-121.884_39.743	North-Central-Valley
W230_2015-07-21_mosquito_USA_CA_lake_-122.659_38.937	North-Central-Valley
W231_2016-07-05_mosquito_USA_CA_sutter_-121.676_39.093	North-Central-Valley
W232_2016-07-05_mosquito_USA_CA_sutter_-121.503_38.824	North-Central-Valley
W233_2016-06-29_mosquito_USA_CA_fresno_-119.895_36.839	South-Central-Valley
W234_2016-07-05_mosquito_USA_CA_yuba_-121.534_39.214	North-Central-Valley
W235_2016-07-01_mosquito_USA_CA_fresno_-119.891_36.839	South-Central-Valley
W236_2016-07-01_mosquito_USA_CA_fresno_-119.895_36.839	South-Central-Valley
W237_2016-06-30_mosquito_USA_CA_madera_-120.006_36.971	South-Central-Valley
W239_2016-07-07_mosquito_USA_CA_kings_-119.727_36.226	South-Central-Valley
W240_2016-07-07_mosquito_USA_CA_kings_-119.696_36.294	South-Central-Valley
W241_2017-07-06_mosquito_USA_CA_stanislaus_-121.166_37.573	South-Central-Valley
W242_2017-07-06_mosquito_USA_CA_fresno_-120.222_36.748	South-Central-Valley
W243_2017-07-06_mosquito_USA_CA_fresno_-120.628_36.951	South-Central-Valley
W244_2017-07-04_mosquito_USA_CA_tulare_-119.297_35.971	South-Central-Valley
W245_2017-06-30_mosquito_USA_CA_kings_-119.839_36.388	South-Central-Valley
W246_2017-06-29_mosquito_USA_CA_kings_-119.894_36.344	South-Central-Valley
W249_2017-08-02_mosquito_USA_CA_merced_-120.625_37.363	South-Central-Valley
W250_2017-08-03_mosquito_USA_CA_stanislaus_-120.824_37.517	South-Central-Valley
W268_2005-08-15_bird_USA_CA_kern_-118.931_35.398	Kern
W282_2006-08-24_bird_USA_CA_kern_-119.021_35.373	Kern
W299_2008-06-27_bird_USA_CA_kern_-119.051_35.344	Kern
W303_2008-09-24_bird_USA_CA_kern_-119.123_35.404	Kern
W315_2010-07-22_bird_USA_CA_kern_-119.152_35.367	Kern
W316_2010-07-22_bird_USA_CA_kern_-119.089_35.33	Kern
W319_2010-07-26_bird_USA_CA_kern_-119.157_35.366	Kern
W321_2011-06-17_bird_USA_CA_kern_-118.938_35.378	Kern
W322_2011-06-17_bird_USA_CA_kern_-118.938_35.378	Kern
W323_2011-08-05_bird_USA_CA_kern_-119.095_35.412	Kern
W324_2011-08-08_bird_USA_CA_kern_-119.068_35.351	Kern
W328_2012-06-08_bird_USA_CA_kern_-119.046_35.356	Kern
W331_2012-06-13_bird_USA_CA_kern_-119.025_35.362	Kern
W332_2012-06-18_bird_USA_CA_kern_-119.051_35.344	Kern
W334_2012-07-09_bird_USA_CA_kern_-119.031_35.386	Kern
W335_2012-07-10_bird_USA_CA_kern_-119.03_35.428	Kern
W337_2012-07-31_bird_USA_CA_kern_-118.984_35.406	Kern
W340_2013-07-08_bird_USA_CA_kern_-119.041_35.275	Kern
W342_2017-07-04_bird_USA_CA_kern_-119.097_35.389	Kern
W343_2017-07-07_bird_USA_CA_kern_-119.091_35.351	Kern
W369_2006-07-11_mosquito_USA_CA_kern_-119.129_35.32	Kern
W372_2006-07-11_mosquito_USA_CA_kern_-119.236_35.245	Kern
W405_2009-07-15_mosquito_USA_CA_kern_-118.825_35.166	Kern
W423_2010-08-25_mosquito_USA_CA_kern_-118.815_35.158	Kern
W424_2010-09-02_mosquito_USA_CA_kern_-119.272_35.493	Kern
W425_2010-09-30_mosquito_USA_CA_kern_-119.265_35.507	Kern
W429_2011-07-08_mosquito_USA_CA_kern_-119.254_35.502	Kern
W431_2011-07-13_mosquito_USA_CA_kern_-119.164_35.346	Kern
W432_2011-07-13_mosquito_USA_CA_kern_-119.164_35.346	Kern
W435_2011-07-15_mosquito_USA_CA_kern_-119.1_35.346	Kern
W437_2011-08-04_mosquito_USA_CA_kern_-118.825_35.166	Kern
W438_2011-08-04_mosquito_USA_CA_kern_-118.815_35.158	Kern
W446_2012-06-19_mosquito_USA_CA_kern_-119.021_35.36	Kern
W450_2012-07-02_mosquito_USA_CA_kern_-119.021_35.36	Kern
W453_2012-07-18_mosquito_USA_CA_kern_-118.932_35.283	Kern
W454_2012-07-19_mosquito_USA_CA_kern_-119.078_35.353	Kern
W455_2012-07-19_mosquito_USA_CA_kern_-119.111_35.38	Kern
W462_2013-08-21_mosquito_USA_CA_kern_-119.478_35.501	Kern
W470_2014-07-18_mosquito_USA_CA_kern_-119.143_35.411	Kern
W478_2015-07-28_mosquito_USA_CA_kern_-118.825_35.166	Kern
W481_2015-08-28_mosquito_USA_CA_kern_-119.196_35.53	Kern
W485_2016-07-26_mosquito_USA_CA_kern_-119.406_35.428	Kern
W486_2016-07-28_mosquito_USA_CA_kern_-119.213_35.598	Kern
W493_2017-06-28_mosquito_USA_CA_kern_-119.009_35.377	Kern
W494_2017-06-28_mosquito_USA_CA_kern_-119.478_35.501	Kern
W588_2016-04-28_bird_USA_CA_sandiego_-117.054_32.965	San-Diego
W591_2017-07-06_bird_USA_CA_sandiego_-117.045_32.814	San-Diego
W593_2017-08-15_bird_USA_CA_sandiego_-117.001_33.094	San-Diego
W594_2017-08-24_bird_USA_CA_sandiego_-117.084_33.03	San-Diego
W628_2004-07-23_mosquito_USA_CA_sacramento_-121.261_38.384	Sacramento-Yolo
W629_2004-07-23_mosquito_USA_CA_sacramento_-121.247_38.341	Sacramento-Yolo
W630_2004-08-06_mosquito_USA_CA_sacramento_-121.247_38.388	Sacramento-Yolo
W631_2004-08-11_mosquito_USA_CA_sacramento_-121.5_38.44	Sacramento-Yolo
W635_2005-07-12_mosquito_USA_CA_sacramento_-121.293_38.708	Sacramento-Yolo
W637_2005-07-30_mosquito_USA_CA_sacramento_-121.175_38.455	Sacramento-Yolo
W641_2005-09-09_mosquito_USA_CA_yolo_-121.73_38.556	Sacramento-Yolo
W642_2006-07-21_mosquito_USA_CA_yolo_-121.781_38.69	Sacramento-Yolo
W643_2006-07-26_mosquito_USA_CA_sacramento_-121.517_38.513	Sacramento-Yolo
W644_2006-07-26_mosquito_USA_CA_yolo_-121.882_38.797	Sacramento-Yolo
W645_2006-07-26_mosquito_USA_CA_yolo_-121.781_38.69	Sacramento-Yolo
W646_2006-08-01_mosquito_USA_CA_sacramento_-121.326_38.273	Sacramento-Yolo
W647_2006-08-10_mosquito_USA_CA_sacramento_-121.497_38.729	Sacramento-Yolo
W648_2006-08-17_mosquito_USA_CA_sacramento_-121.478_38.627	Sacramento-Yolo
W649_2007-07-06_mosquito_USA_CA_sacramento_-121.198_38.448	Sacramento-Yolo
W650_2007-07-13_mosquito_USA_CA_sacramento_-121.208_38.423	Sacramento-Yolo
W651_2007-07-28_mosquito_USA_CA_sacramento_-121.447_38.661	Sacramento-Yolo
W652_2007-07-31_mosquito_USA_CA_sacramento_-121.219_38.385	Sacramento-Yolo
W653_2007-07-31_mosquito_USA_CA_yolo_-121.882_38.797	Sacramento-Yolo
W654_2007-08-01_mosquito_USA_CA_sacramento_-121.36_38.606	Sacramento-Yolo
W655_2007-08-09_mosquito_USA_CA_sacramento_-121.495_38.371	Sacramento-Yolo
W656_2008-07-08_mosquito_USA_CA_sacramento_-121.381_38.444	Sacramento-Yolo
W657_2008-07-24_mosquito_USA_CA_sacramento_-121.53_38.707	Sacramento-Yolo
W658_2008-07-25_mosquito_USA_CA_sacramento_-121.341_38.465	Sacramento-Yolo
W660_2008-08-13_mosquito_USA_CA_sacramento_-121.452_38.562	Sacramento-Yolo
W661_2008-08-19_mosquito_USA_CA_sacramento_-121.373_38.714	Sacramento-Yolo
W665_2009-08-13_mosquito_USA_CA_sacramento_-121.44_38.394	Sacramento-Yolo
W668_2009-08-20_mosquito_USA_CA_sacramento_-121.216_38.377	Sacramento-Yolo
W670_2010-07-09_mosquito_USA_CA_sacramento_-121.358_38.46	Sacramento-Yolo
W671_2010-07-13_mosquito_USA_CA_sacramento_-121.358_38.46	Sacramento-Yolo
W672_2010-07-20_mosquito_USA_CA_yolo_-121.856_38.548	Sacramento-Yolo
W673_2010-07-24_mosquito_USA_CA_sacramento_-121.325_38.46	Sacramento-Yolo
W674_2010-09-28_mosquito_USA_CA_yolo_-121.685_38.54	Sacramento-Yolo
W675_2010-10-05_mosquito_USA_CA_sacramento_-121.354_38.51	Sacramento-Yolo
W676_2010-10-13_mosquito_USA_CA_sacramento_-121.425_38.441	Sacramento-Yolo
W677_2011-07-22_mosquito_USA_CA_sacramento_-121.224_38.385	Sacramento-Yolo
W678_2011-08-09_mosquito_USA_CA_sacramento_-121.169_38.393	Sacramento-Yolo
W679_2011-08-18_mosquito_USA_CA_sacramento_-121.421_38.455	Sacramento-Yolo
W680_2011-08-25_mosquito_USA_CA_sacramento_-121.499_38.427	Sacramento-Yolo
W681_2011-08-31_mosquito_USA_CA_sacramento_-121.44_38.651	Sacramento-Yolo
W682_2011-09-08_mosquito_USA_CA_sacramento_-121.219_38.385	Sacramento-Yolo
W683_2011-09-23_mosquito_USA_CA_sacramento_-121.332_38.626	Sacramento-Yolo
W684_2012-06-07_mosquito_USA_CA_sacramento_-121.261_38.487	Sacramento-Yolo
W685_2012-06-14_mosquito_USA_CA_sacramento_-121.325_38.46	Sacramento-Yolo
W686_2012-06-21_mosquito_USA_CA_sacramento_-121.377_38.542	Sacramento-Yolo
W687_2012-07-03_mosquito_USA_CA_yolo_-121.583_38.445	Sacramento-Yolo
W688_2012-07-12_mosquito_USA_CA_sacramento_-121.38_38.466	Sacramento-Yolo
W689_2012-07-31_mosquito_USA_CA_sacramento_-121.325_38.431	Sacramento-Yolo
W690_2012-08-24_mosquito_USA_CA_sacramento_-121.32_38.674	Sacramento-Yolo
W691_2013-06-21_mosquito_USA_CA_sacramento_-121.302_38.716	Sacramento-Yolo
W692_2013-07-16_mosquito_USA_CA_sacramento_-121.279_38.417	Sacramento-Yolo
W693_2013-07-16_mosquito_USA_CA_yolo_-121.877_38.795	Sacramento-Yolo
W694_2013-07-19_mosquito_USA_CA_sacramento_-121.412_38.276	Sacramento-Yolo
W695_2013-07-23_mosquito_USA_CA_yolo_-121.868_38.681	Sacramento-Yolo
W696_2013-08-16_mosquito_USA_CA_yolo_-121.882_38.797	Sacramento-Yolo
W697_2013-08-23_mosquito_USA_CA_sacramento_-121.22_38.288	Sacramento-Yolo
W698_2014-06-24_mosquito_USA_CA_sacramento_-121.425_38.441	Sacramento-Yolo
W699_2014-07-01_mosquito_USA_CA_sacramento_-121.384_38.478	Sacramento-Yolo
W700_2014-07-03_mosquito_USA_CA_sacramento_-121.421_38.455	Sacramento-Yolo
W701_2014-07-10_mosquito_USA_CA_sacramento_-121.219_38.385	Sacramento-Yolo
W702_2014-07-24_mosquito_USA_CA_sacramento_-121.198_38.448	Sacramento-Yolo
W703_2014-07-24_mosquito_USA_CA_yolo_-121.83_38.619	Sacramento-Yolo
W704_2014-07-31_mosquito_USA_CA_sacramento_-121.321_38.568	Sacramento-Yolo
W705_2015-07-07_mosquito_USA_CA_sacramento_-121.481_38.418	Sacramento-Yolo
W706_2015-07-16_mosquito_USA_CA_yolo_-121.83_38.619	Sacramento-Yolo
W707_2015-07-28_mosquito_USA_CA_yolo_-121.764_38.664	Sacramento-Yolo
W708_2015-07-31_mosquito_USA_CA_yolo_-121.976_38.896	Sacramento-Yolo
W709_2015-08-06_mosquito_USA_CA_yolo_-121.969_38.885	Sacramento-Yolo
W710_2015-08-20_mosquito_USA_CA_yolo_-121.822_38.808	Sacramento-Yolo
W711_2015-09-09_mosquito_USA_CA_sacramento_-121.293_38.444	Sacramento-Yolo
W712_2016-06-14_mosquito_USA_CA_sacramento_-121.241_38.675	Sacramento-Yolo
W713_2016-06-28_mosquito_USA_CA_sacramento_-121.375_38.397	Sacramento-Yolo
W714_2016-07-12_mosquito_USA_CA_yolo_-121.751_38.571	Sacramento-Yolo
W715_2016-07-26_mosquito_USA_CA_sacramento_-121.354_38.51	Sacramento-Yolo
W716_2016-07-29_mosquito_USA_CA_sacramento_-121.621_38.698	Sacramento-Yolo
W717_2016-08-05_mosquito_USA_CA_yolo_-121.712_38.61	Sacramento-Yolo
W718_2016-08-09_mosquito_USA_CA_sacramento_-121.214_38.423	Sacramento-Yolo
W719_2017-07-18_mosquito_USA_CA_sacramento_-121.383_38.425	Sacramento-Yolo
W720_2017-08-01_mosquito_USA_CA_sacramento_-121.354_38.51	Sacramento-Yolo
W721_2017-08-03_mosquito_USA_CA_sacramento_-121.444_38.334	Sacramento-Yolo
W722_2017-08-08_mosquito_USA_CA_yolo_-121.689_38.551	Sacramento-Yolo
W723_2017-08-22_mosquito_USA_CA_sacramento_-121.395_38.489	Sacramento-Yolo
W724_2017-09-06_mosquito_USA_CA_sacramento_-121.414_38.361	Sacramento-Yolo
W725_2017-09-12_mosquito_USA_CA_yolo_-121.55_38.543	Sacramento-Yolo
W726_2017-09-12_mosquito_USA_CA_yolo_-121.55_38.543	Sacramento-Yolo
W727_2010-07-02_bird_USA_CA_sacramento_-121.313_38.43	Sacramento-Yolo
W728_2010-07-09_bird_USA_CA_sacramento_-121.341_38.702	Sacramento-Yolo
W729_2010-07-09_bird_USA_CA_sacramento_-121.358_38.535	Sacramento-Yolo
W730_2010-08-02_bird_USA_CA_sacramento_-121.336_38.631	Sacramento-Yolo
W731_2010-09-12_bird_USA_CA_sacramento_-121.449_38.584	Sacramento-Yolo
W732_2010-09-17_bird_USA_CA_sacramento_-121.379_38.419	Sacramento-Yolo
W733_2010-09-22_bird_USA_CA_sacramento_-121.478_38.575	Sacramento-Yolo
W734_2011-08-18_bird_USA_CA_sacramento_-121.375_38.42	Sacramento-Yolo
W735_2011-08-20_bird_USA_CA_sacramento_-121.326_38.426	Sacramento-Yolo
W736_2011-08-24_bird_USA_CA_sacramento_-121.388_38.418	Sacramento-Yolo
W737_2011-08-23_bird_USA_CA_sacramento_-121.292_38.284	Sacramento-Yolo
W738_2011-08-29_bird_USA_CA_sacramento_-121.498_38.571	Sacramento-Yolo
W739_2011-09-02_bird_USA_CA_sacramento_-121.328_38.431	Sacramento-Yolo
W740_2011-09-06_bird_USA_CA_sacramento_-121.426_38.42	Sacramento-Yolo
W741_2012-05-28_bird_USA_CA_sacramento_-121.374_38.429	Sacramento-Yolo
W742_2012-06-07_bird_USA_CA_sacramento_-121.32_38.459	Sacramento-Yolo
W743_2012-06-13_bird_USA_CA_sacramento_-121.377_38.407	Sacramento-Yolo
W744_2012-06-15_bird_USA_CA_sacramento_-121.357_38.544	Sacramento-Yolo
W745_2012-06-23_bird_USA_CA_sacramento_-121.26_38.384	Sacramento-Yolo
W746_2012-06-28_bird_USA_CA_sacramento_-121.377_38.436	Sacramento-Yolo
W747_2012-07-02_bird_USA_CA_sacramento_-121.394_38.605	Sacramento-Yolo
W748_2013-05-31_bird_USA_CA_sacramento_-121.263_38.394	Sacramento-Yolo
W749_2013-07-02_bird_USA_CA_sacramento_-121.51_38.501	Sacramento-Yolo
W750_2013-07-16_bird_USA_CA_yolo_-121.769_38.674	Sacramento-Yolo
W751_2013-07-24_bird_USA_CA_sacramento_-121.207_38.688	Sacramento-Yolo
W752_2013-07-30_bird_USA_CA_sacramento_-121.495_38.561	Sacramento-Yolo
W753_2013-08-19_bird_USA_CA_yolo_-121.702_38.547	Sacramento-Yolo
W754_2013-09-18_bird_USA_CA_sacramento_-121.36_38.606	Sacramento-Yolo
W755_2014-06-15_bird_USA_CA_sacramento_-121.354_38.592	Sacramento-Yolo
W756_2014-07-10_bird_USA_CA_sacramento_-121.329_38.431	Sacramento-Yolo
W757_2014-08-12_bird_USA_CA_sacramento_-121.293_38.438	Sacramento-Yolo
W758_2014-09-04_bird_USA_CA_sacramento_-121.291_38.701	Sacramento-Yolo
W759_2014-09-07_bird_USA_CA_sacramento_-121.255_38.649	Sacramento-Yolo
W760_2014-09-11_bird_USA_CA_sacramento_-121.29_38.64	Sacramento-Yolo
W761_2014-09-26_bird_USA_CA_yolo_-121.748_38.696	Sacramento-Yolo
W762_2015-06-11_bird_USA_CA_yolo_-121.769_38.563	Sacramento-Yolo
W763_2015-07-12_bird_USA_CA_yolo_-121.797_38.544	Sacramento-Yolo
W765_2015-08-06_bird_USA_CA_sacramento_-121.369_38.442	Sacramento-Yolo
W766_2015-08-12_bird_USA_CA_yolo_-121.745_38.564	Sacramento-Yolo
W767_2015-09-24_bird_USA_CA_sacramento_-121.224_38.546	Sacramento-Yolo
W768_2015-10-04_bird_USA_CA_sacramento_-121.393_38.588	Sacramento-Yolo
W769_2016-05-19_bird_USA_CA_sacramento_-121.363_38.564	Sacramento-Yolo
W770_2016-06-15_bird_USA_CA_sacramento_-121.324_38.644	Sacramento-Yolo
W771_2016-06-20_bird_USA_CA_sacramento_-121.385_38.578	Sacramento-Yolo
W772_2016-06-22_bird_USA_CA_sacramento_-121.218_38.653	Sacramento-Yolo
W773_2016-06-30_bird_USA_CA_sacramento_-121.366_38.543	Sacramento-Yolo
W774_2016-07-10_bird_USA_CA_sacramento_-121.347_38.553	Sacramento-Yolo
W775_2016-07-28_bird_USA_CA_yolo_-121.771_38.669	Sacramento-Yolo
W777_2017-06-07_bird_USA_CA_sacramento_-121.37_38.553	Sacramento-Yolo
W778_2017-06-29_bird_USA_CA_sacramento_-121.39_38.609	Sacramento-Yolo
W779_2017-07-05_bird_USA_CA_sacramento_-121.4_38.567	Sacramento-Yolo
W780_2017-08-03_bird_USA_CA_sacramento_-121.275_38.594	Sacramento-Yolo
W781_2017-09-08_bird_USA_CA_sacramento_-121.403_38.306	Sacramento-Yolo
W782_2017-09-17_bird_USA_CA_yolo_-121.79_38.557	Sacramento-Yolo
W783_2004-09-07_bird_USA_CA_sacramento_-121.38_38.422	Sacramento-Yolo
W784_2004-08-30_bird_USA_CA_sacramento_-121.299_38.577	Sacramento-Yolo
W785_2004-08-12_bird_USA_CA_sacramento_-121.202_38.422	Sacramento-Yolo
W788_2005-07-06_bird_USA_CA_sacramento_-121.394_38.607	Sacramento-Yolo
W789_2005-07-21_bird_USA_CA_sacramento_-121.406_38.414	Sacramento-Yolo
W790_2005-07-21_bird_USA_CA_sacramento_-121.371_38.397	Sacramento-Yolo
W791_2005-08-01_bird_USA_CA_sacramento_-121.496_38.37	Sacramento-Yolo
W792_2005-08-03_bird_USA_CA_yolo_-121.714_38.539	Sacramento-Yolo
W794_2005-07-24_bird_USA_CA_sacramento_-121.389_38.61	Sacramento-Yolo
W795_2005-07-25_bird_USA_CA_sacramento_-121.404_38.61	Sacramento-Yolo
W796_2005-07-28_bird_USA_CA_sacramento_-121.328_38.433	Sacramento-Yolo
W797_2006-09-13_bird_USA_CA_sacramento_-121.466_38.635	Sacramento-Yolo
W798_2006-09-14_bird_USA_CA_yolo_-121.956_38.73	Sacramento-Yolo
W799_2006-06-21_bird_USA_CA_sacramento_-121.45_38.723	Sacramento-Yolo
W800_2006-07-11_bird_USA_CA_sacramento_-121.373_38.705	Sacramento-Yolo
W801_2006-07-04_bird_USA_CA_sacramento_-121.406_38.718	Sacramento-Yolo
W802_2007-07-09_bird_USA_CA_yolo_-121.703_38.56	Sacramento-Yolo
W803_2007-07-13_bird_USA_CA_sacramento_-121.197_38.442	Sacramento-Yolo
W806_2007-07-24_bird_USA_CA_sacramento_-121.334_38.698	Sacramento-Yolo
W807_2007-07-24_bird_USA_CA_sacramento_-121.258_38.652	Sacramento-Yolo
W808_2007-07-24_bird_USA_CA_sacramento_-121.309_38.693	Sacramento-Yolo
W809_2007-07-24_bird_USA_CA_sacramento_-121.513_38.532	Sacramento-Yolo
W810_2008-03-05_bird_USA_CA_sacramento_-121.166_38.314	Sacramento-Yolo
W811_2008-06-17_bird_USA_CA_sacramento_-121.51_38.485	Sacramento-Yolo
W812_2008-07-06_bird_USA_CA_sacramento_-121.362_38.72	Sacramento-Yolo
W813_2008-07-07_bird_USA_CA_sacramento_-121.343_38.661	Sacramento-Yolo
W814_2008-07-08_bird_USA_CA_sacramento_-121.508_38.504	Sacramento-Yolo
W815_2008-09-08_bird_USA_CA_sacramento_-121.302_38.607	Sacramento-Yolo
W817_2009-07-29_bird_USA_CA_sacramento_-121.502_38.464	Sacramento-Yolo
W818_2009-08-18_bird_USA_CA_sacramento_-121.311_38.662	Sacramento-Yolo
W819_2009-08-20_bird_USA_CA_yolo_-121.793_38.55	Sacramento-Yolo
W822_2009-10-02_bird_USA_CA_sacramento_-121.383_38.407	Sacramento-Yolo
W823_2009-10-02_bird_USA_CA_yolo_-121.798_38.659	Sacramento-Yolo
GQ507484_2007-08-16_USA_CA_LosAngeles_-118.5185_34.2368	South-CA
KR348991_2007-09-14_USA_CA_Kern_-119.036_35.3783	Kern
KR348988_2008-12-09_USA_CA_Kern_-119.0206_35.3597	Kern
KR348987_2008-10-09_USA_CA_Kern_-118.9431_35.2939	Kern
KR348985_2007-08-14_USA_CA_Kern_-118.9431_35.2939	Kern
KR348981_2011-01-09_USA_CA_Kern_-119.0986_35.2758	Kern
KR348978_2008-06-27_USA_CA_Kern_-119.0403_35.3486	Kern
KR348955_2007-05-12_USA_CA_LosAngeles_-118.4653_34.1572	South-CA
KR348946_2008-07-24_USA_CA_LosAngeles_-118.469_34.1894	South-CA
KR348931_2009-01-09_USA_CA_Riverside_-116.0789_33.54	South-CA
KR348930_2009-01-09_USA_CA_Riverside_-116.0789_33.526	South-CA
W133_2009-06-18_bird_USA_CA_kern_-119.073_35.417	Kern
W182_2007-07-20_mosquito_USA_CA_kings_-119.624_36.342	South-Central-Valley
W252_2004-08-05_bird_USA_CA_kern_-119.053_35.302	Kern
W256_2004-09-08_bird_USA_CA_kern_-119.052_35.265	Kern
W258_2005-06-24_bird_USA_CA_kern_-119.046_35.36	Kern
W261_2005-07-10_bird_USA_CA_kern_-119.061_35.33	Kern
W264_2005-07-26_bird_USA_CA_kern_-118.957_35.403	Kern
W265_2005-07-28_bird_USA_CA_kern_-119.19_35.374	Kern
W271_2005-09-01_bird_USA_CA_kern_-119.041_35.36	Kern
W280_2006-08-15_bird_USA_CA_kern_-119.069_35.42	Kern
W281_2006-08-17_bird_USA_CA_kern_-119.016_35.398	Kern
W284_2007-06-07_bird_USA_CA_kern_-119.065_35.341	Kern
W285_2007-06-13_bird_USA_CA_kern_-118.966_35.362	Kern
W288_2007-06-22_bird_USA_CA_kern_-119.064_35.346	Kern
W294_2007-07-09_bird_USA_CA_kern_-119.067_35.35	Kern
W295_2007-07-09_bird_USA_CA_kern_-119.119_35.346	Kern
W298_2007-07-13_bird_USA_CA_kern_-119.064_35.346	Kern
W302_2008-07-23_bird_USA_CA_kern_-119.164_35.372	Kern
W304_2009-06-14_bird_USA_CA_kern_-119.055_35.282	Kern
W305_2009-06-08_bird_USA_CA_kern_-119.085_35.402	Kern
W306_2009-06-16_bird_USA_CA_kern_-119.066_35.406	Kern
W307_2009-06-15_bird_USA_CA_kern_-119.026_35.36	Kern
W308_2009-06-24_bird_USA_CA_kern_-119.122_35.424	Kern
W309_2009-07-07_bird_USA_CA_kern_-119.189_35.457	Kern
W310_2009-07-13_bird_USA_CA_kern_-119.092_35.395	Kern
W311_2009-07-23_bird_USA_CA_kern_-119.124_35.31	Kern
W312_2010-07-06_bird_USA_CA_kern_-119.083_35.327	Kern
W313_2010-07-12_bird_USA_CA_kern_-119.067_35.347	Kern
W314_2010-07-19_bird_USA_CA_kern_-119.067_35.347	Kern
W317_2010-07-23_bird_USA_CA_kern_-119.103_35.412	Kern
W318_2010-07-26_bird_USA_CA_kern_-118.92_35.407	Kern
W320_2010-07-28_bird_USA_CA_kern_-118.965_35.372	Kern
W325_2011-08-08_bird_USA_CA_kern_-119.142_35.37	Kern
W333_2012-06-24_bird_USA_CA_kern_-119.031_35.386	Kern
W339_2013-06-10_bird_USA_CA_kern_-119.032_35.406	Kern
W347_2004-08-10_mosquito_USA_CA_kern_-119.099_35.276	Kern
W354_2004-08-13_mosquito_USA_CA_kern_-119.075_35.326	Kern
W357_2004-09-23_mosquito_USA_CA_kern_-118.998_35.365	Kern
W358_2005-06-21_mosquito_USA_CA_kern_-119.162_35.351	Kern
W360_2005-07-01_mosquito_USA_CA_kern_-119.06_35.317	Kern
W361_2005-07-01_mosquito_USA_CA_kern_-119.075_35.326	Kern
W362_2005-07-06_mosquito_USA_CA_kern_-119.162_35.351	Kern
W365_2005-07-14_mosquito_USA_CA_kern_-119.004_35.299	Kern
W367_2005-07-14_mosquito_USA_CA_kern_-119.036_35.378	Kern
W368_2005-07-19_mosquito_USA_CA_kern_-119.236_35.245	Kern
W370_2006-07-11_mosquito_USA_CA_kern_-119.099_35.276	Kern
W373_2006-07-14_mosquito_USA_CA_kern_-119.036_35.378	Kern
W384_2007-06-05_mosquito_USA_CA_kern_-119.236_35.252	Kern
W385_2007-06-06_mosquito_USA_CA_kern_-118.979_35.29	Kern
W388_2007-06-22_mosquito_USA_CA_kern_-119.075_35.326	Kern
W389_2007-08-03_mosquito_USA_CA_kern_-119.06_35.317	Kern
W390_2007-08-03_mosquito_USA_CA_kern_-119.06_35.317	Kern
W394_2007-08-15_mosquito_USA_CA_kern_-119.06_35.317	Kern
W396_2007-08-15_mosquito_USA_CA_kern_-119.075_35.326	Kern
W398_2009-06-17_mosquito_USA_CA_kern_-119.115_35.392	Kern
W399_2009-06-17_mosquito_USA_CA_kern_-119.111_35.38	Kern
W400_2009-06-30_mosquito_USA_CA_kern_-119.1_35.346	Kern
W401_2009-07-01_mosquito_USA_CA_kern_-118.932_35.283	Kern
W402_2009-07-14_mosquito_USA_CA_kern_-119.099_35.276	Kern
W403_2009-07-14_mosquito_USA_CA_kern_-119.125_35.342	Kern
W404_2009-07-15_mosquito_USA_CA_kern_-119.021_35.36	Kern
W406_2009-07-22_mosquito_USA_CA_kern_-119.143_35.411	Kern
W407_2009-07-28_mosquito_USA_CA_kern_-118.956_35.391	Kern
W408_2009-07-29_mosquito_USA_CA_kern_-119.115_35.392	Kern
W409_2009-07-30_mosquito_USA_CA_kern_-118.833_35.21	Kern
W410_2009-09-04_mosquito_USA_CA_kern_-119.254_35.502	Kern
W412_2010-06-15_mosquito_USA_CA_kern_-118.928_35.399	Kern
W413_2010-06-25_mosquito_USA_CA_kern_-119.06_35.317	Kern
W414_2010-06-29_mosquito_USA_CA_kern_-118.928_35.399	Kern
W415_2010-07-01_mosquito_USA_CA_kern_-119.026_35.313	Kern
W416_2010-07-01_mosquito_USA_CA_kern_-119.025_35.336	Kern
W417_2010-07-08_mosquito_USA_CA_kern_-119.021_35.36	Kern
W418_2010-07-08_mosquito_USA_CA_kern_-119.021_35.36	Kern
W419_2010-07-09_mosquito_USA_CA_kern_-119.06_35.317	Kern
W420_2010-07-09_mosquito_USA_CA_kern_-119.075_35.326	Kern
W421_2010-07-28_mosquito_USA_CA_kern_-119.021_35.36	Kern
W422_2010-08-18_mosquito_USA_CA_kern_-118.815_35.158	Kern
W426_2010-10-05_mosquito_USA_CA_kern_-119.406_35.436	Kern
W427_2011-06-08_mosquito_USA_CA_kern_-119.164_35.346	Kern
W428_2011-07-07_mosquito_USA_CA_kern_-119.181_35.333	Kern
W430_2011-07-13_mosquito_USA_CA_kern_-119.181_35.333	Kern
W433_2011-07-13_mosquito_USA_CA_kern_-119.172_35.346	Kern
W434_2011-07-13_mosquito_USA_CA_kern_-119.172_35.346	Kern
W436_2011-07-27_mosquito_USA_CA_kern_-119.125_35.342	Kern
W440_2011-08-18_mosquito_USA_CA_kern_-118.825_35.166	Kern
